sheet序号,系统/跑测表,系统归一名,问题数,主要负责职能,主要解决人员,负责UI,状态分布,所属模块,样例问题
3,wegame跑测,wegame跑测,0,,,,,,
4,道具详情,道具详情,10,拼接(10),陈建婵(10),,已关闭(9)、未处理(1),道具背包(10),悬浮态错误，偏了；PC适配错误，看了下手游的也不对，请检查下适配问题；列表底错误，按钮非pc按钮，非通用按钮
5,背包-手游,背包-手游,21,拼接(18)、客户端(2)、动效(1),杨帅帅(9)、陈建婵(8)、钱程(2)、李汉超(1)、蔡婷艳(1),,未处理(14)、已关闭(7),,角色模型位置歪了；种子空状态的框往右移动一点；删除和整理的按钮样式常态是浅灰色，选中态是米白色反色
6,1-设置（音画、键鼠）,设置(音画、键鼠),14,客户端(11)、策划(3)、拼接(1),谭兆飞(9)、胡启尧(2)、周笑宇(1)、蔡婷艳(1)、范长鸿(1),,未处理(14),,pc端背包的底部栏转移和丢弃按钮删除为空时，会随机显示一个快捷键显示；底部弱提示信息字色与效果图不一致；二次弹窗重点信息未标记强调字色
7,2-Loading,loading,2,拼接(2),蔡婷艳(2),,未处理(1)、修复完成(1),,loading右侧被裁切2像素；右侧文字，右对齐
8,3-自动售货机（遗迹）,自动售货机(遗迹),5,拼接(4)、客户端(1),,冯建恒(5),未处理(5),,tips呼出热区应该扩大为如图所示；右侧内容适配异常，应该是右右关联舞台；卡片缺少通用选中动效
9,4-模块载具改装,模块载具改装,7,拼接(6)、客户端(1)、动效(1),林斌(6)、庄博士(1),,已关闭(6)、修复完成(1),载具系统(6),打开载具改装界面后。HUD消失动效有问题；载具改装界面的按钮都非pc按钮，需要对照组件库里的规范 / 检查按钮/按钮上的字号；弹窗底图有拉伸
10,4-领地维护,领地维护,4,拼接(4),,李宁(4),未处理(4),,信息重叠，资源也不是最新的，字号字色也有问题；去掉左侧底板；这个问题比较多，详情看附图描述
11,5-聊天系统,聊天系统,81,拼接(63)、客户端(14)、GUI(8)、策划(7),蔡婷艳(61)、范长鸿(9)、王丰(6)、黄志伟(1)、杨帅帅(1),李宁(41),未处理(35)、已关闭(21),社交系统(21),大厅聊天敲击回车无反应，未呼出聊天界面；打开聊天窗口时，简略显示可隐藏；冷却中，仍然可以输入表情包，导致表情包和冷却文本重叠在一起了
12,7-多分辨率适配,多分辨率适配,4,拼接(3)、客户端(1),杨帅帅(3)、李河斌(1),,已关闭(3)、未处理(1),建造系统(1),带鱼屏中，臻品流通中-查看奖池的界面背景图黑色遮罩适配问题；带鱼屏侧边弹窗未适配；局内选择弹窗右侧未铺满
13,8-科技树,科技树,19,拼接(15)、动效(2)、UX(1)、客户端(1),石凤姣(8)、蔡婷艳(4)、谢爱萍(2)、李汉超(2)、李秋(2),,已关闭(18)、未处理(1),科技制造(18),pc端列表滚轮滑动曲线参数调整；解锁按钮点击会有缩放效果；点击科技后，连接线未显示“连接”状态
14,9-创角,创角,11,拼接(6)、客户端(3),傅柄乔(6)、范长鸿(3)、项博希(2),李萨(1),待修复(9)、未处理(2),,pc端身份选项没有hover态；pc端发型和发色选项没hover态；pc端选发型界面，人物模型需左侧区域居中
15,10-载具系统（降落伞+直升机）,载具系统(降落伞+直升机),36,客户端(24)、拼接(10)、GUI(2),任天龙(14)、蔡婷艳(8)、黄伟平(2)、唐龙峰(1)、巫佳翔(1),,未处理(25)、已关闭(10),载具模块(12),废料运输机在地面被破坏时，掉落资源直接悬浮；废料运输机载具小图标用的还是小直升机的；引擎未启动时，废料运输机可以发射诱饵弹
16,11-PC端背包,pc端背包,123,客户端(80)、拼接(31)、策划(13)、UX(5)、GUI(2),黄兴鹏(42)、蔡婷艳(24)、李洪成(5)、李河斌(3)、黄兴鹏 黄志伟(1),,未处理(64)、待修复(36)、已关闭(20)、修复完成(3),PC专项(6),夜视仪的全屏效果被关闭；寒冷效果不显示；受击效果不显示
17,容器系统,容器系统,31,客户端(20)、拼接(12)、UX(1),蔡婷艳(10)、黄兴鹏(7)、熊庆来(大熊)(6)、熊庆来(3)、熊庆来\蔡婷艳(1),,未处理(20)、待修复(10)、已关闭(1),@刘广宇(1),选中down时白边应该常驻，选中悬浮selectedOver白边也应该显示，现在做成了只有选中之后出现白边，只要鼠标挪走白边就会消失（最好通过熔炉打开界面，测试发现通过其他容器打开界面有概率显示正常）；同一块地基上多个转化类容器，如果通过页签切换界面，左侧的道具大图标没有更新；界面的竖线条需要按照效果图进行调整
18,12-宝箱（密码箱、保险箱等）,宝箱(密码箱、保险箱等),13,拼接(10)、GUI(2)、客户端(2)、策划(1),陈建婵(10)、黄志伟(2),,未处理(8)、已关闭(5),地图机制(12),密码箱交互完进入二级只有1个选项，可直接一级打开；保险箱的背景图与ui信息会错位，需调整适配；通用pc端弹窗，未显示esc键位关闭
19,13-挖掘机,挖掘机,9,客户端(9)、策划(4)、UX(1),张鹤显(4),张鹤显(1),未处理(5)、已关闭(4),地图机制(9),添加原油为数量1时，左侧第一个格子显示转化中且显示添加图标；点击右侧产出的道具，弹出通用道具tips在左侧；关闭后再次打开挖掘机界面，未显示【取出】按钮且按钮置灰没弹出提示
20,15-领地残骸,领地残骸,1,拼接(1),杨帅帅(1),,未处理(1),抄家流程 / PC(1),文本和icon重叠，文本适配方式不对，与GUI效果不符合
21,14-大厅仓库,大厅仓库,21,拼接(18)、GUI(1)、策划(1)、动效(1),林斌(17)、王丰(1)、李汉超(1),李宁\蒲诗雨(15),待修复(8)、未处理(7)、已关闭(3),大厅系统(4),详情按钮的热区应该扩大如图所示；缺少hover态；分解弹窗，文本未居中对齐，步进器滑杆过长，尺寸不对，参看效果图
22,16-邮箱,邮箱,1,客户端(1),,,未处理(1),,删除全部已读邮件弹窗，缺少标题文本，确认按钮未使用红色强调按钮
23,17-射频发射器,射频发射器,8,拼接(5)、客户端(2)、GUI(1),蔡婷艳(5)、周佳良(2),,已关闭(6)、未处理(1),武器装备(5)、投掷武器(1),建议优化： / 1.默认不选中； / 2.弹窗位置固定；；装饰线没有适配；底部按钮位置不对，和关闭按钮重叠了
24,18-设置（除音画、键鼠）,设置(除音画、键鼠),16,拼接(13)、GUI(4)、客户端(3)、UX(1),蔡婷艳(6)、陈建婵(4)、冯健恒 蔡婷艳(2)、李萨(1)、刘剑帆(1),,已关闭(8)、未处理(7),PC专项(12)、大厅系统(1)、通用系统(1),霰弹枪准心右边的资源稍微偏左了，也不够圆；pc准星颜色选中框不居中；底部键位和下载二维码重叠
25,19-领地权限管理,领地权限管理,7,拼接(7),陈建婵(7),,已关闭(7),PC专项(7),边缘渐隐未打开；默认间距有点挤；列表抬头和内容位置都不对
26,20-模式选择流程,模式选择流程,25,拼接(20)、客户端(4)、动效(3)、GUI(2),谢爱萍(15)、彭歆妍\徐泽亮(1)、黄建敏\蔡婷艳(1)、黄建敏(1)、谢爱萍 李汉超(1),彭歆妍(1),未处理(16)、已关闭(8),,左侧列表卡片（需要动效）、下拉按钮、地图、右上角下拉没有hover态；三角箭头反了，未展开时朝下，展开时朝上；模式选择PC左侧的模式图没有替换成正式的
27,21-剧本系统,剧本系统,15,拼接(14)、客户端(1)、动效(1)、策划(1),杨帅帅(8)、蔡婷艳(1)、李汉超(1)、冯晨星(1),彭歆妍(3)、李艺(2),已关闭(11)、未处理(1),局内玩法系统(5),情报界面UI错位；5和7阶段的特色icon重复了；HUD上的画质提示和logo出现在了界面上
28,22-炸家优化,炸家优化,17,,李秋(14)、吴承峰(3),,待修复(9)、已关闭(8),,hud职业图标太大了；原始炸家 没有床位复活点；图中地图攻守建筑都有有问题 402配置
29,24-载具商店,载具商店,4,客户端(3)、拼接(1),,冯建恒(4),未处理(4),,库存显示功能错误；卡片缺少悬浮态；商店右上角未显示货币数量组件
30,25-领地升级&编辑&蓝图,领地升级&编辑&蓝图,21,拼接(20)、客户端(3)、UX(3)、策划(1)、GUI(1),林斌(20),王京京(19),已关闭(17)、未处理(1),建造系统(19),按钮位置适配错误；文本未对齐；2个空状态的高度位置不统一
31,28-道具tips,道具tips,47,拼接(30)、客户端(17)、UX(3)、策划(3),陈建婵(29)、庄博士(9)、石凤姣 庄博士(3)、陈建婵庄博士(1)、王丰(1),,未处理(30)、修复完成(14)、已关闭(3),道具背包(1),底部按钮不应该有两层结构；点击道具阻塞；道具文案说明没了
32,26-制造系统,制造系统,38,拼接(29)、客户端(6)、策划(1),李秋(29)、庄博士(5)、谭兆飞(1)、袁界(1),蒲诗雨(34)、李萨(4),已关闭(24)、修复完成(8)、未处理(5)、待修复(1),科技制造(9),卡片缺少悬浮态；右下角按钮应该用自由尺寸按钮，宽度拉长一点；这一组二级材料制作的按钮尺寸不对，拼接调整样式
33,27-登录流程,登录流程,23,客户端(16)、拼接(7)、策划(2)、GUI(1),胡亚(12)、谢爱萍(3)、李河斌(2)、傅柄乔(2)、胡亚 郭阳阳(1),,未处理(16)、已关闭(4)、修复完成(3),大厅系统(7),加载的loading界面，文字改为：加载中...；登录界面右侧按钮hover无文明说明tips；pc端选服弹窗输入esc无法退出
34,28-区服选择,区服选择,18,客户端(14)、拼接(4)、GUI(1)、策划(1),胡亚(13)、傅柄乔(2)、蔡婷艳(1)、谢爱萍(1)、郭阳阳(1),,未处理(9)、已关闭(6)、修复完成(2),大厅系统(3),我的大区空状态组件超框；区服选择弹窗界面表现不符合PC端最新规范，缺少Esc退出提示；区服选择弹窗无法关闭，应为通用弹窗关闭逻辑
35,新手关排队,新手关排队,3,客户端(3),李郑(2)、冯健恒(1),,,,双端等候登岛弹窗，左侧专属通道排队中按钮样式不对，应该是tip态表现不是灰态；双端跳过新手关确认框 1、缺少标题，2、确认按钮样式不对，应跟取消表现相同，而不是红色；PC端小弹窗的按钮长短不一，两个按钮过长
36,OB,ob,4,拼接(2)、GUI(1)、策划(1)、客户端(1),李宁(1)、李承远(1)、蔡婷艳(1)、胡亚(1),,,,OB菜单服务器列表信息重叠；OB菜单搜索框默认没有显示提示文本；OB菜单通用搜索组件表现不对： / 1、输入框内容情况按钮未居中 / 2、搜索按钮悬浮态变很大
37,29-PC端扬声器麦克风,pc端扬声器麦克风,6,客户端(3)、策划(2)、拼接(2),蔡婷艳(2)、北境(1)、谭兆飞(1)、周佳良(1),,未处理(5)、已关闭(1),大厅系统(2),设置内麦克风扬声器切换设置未检测输入；队友语音设置不生效；切换扬声器快捷键alt+M会触发地图
38,31-GVoice,gvoice,14,客户端(11)、拼接(8)、动效(5)、GUI(2)、UX(2),蔡婷艳(2)、石凤姣(2)、范长鸿(2)、杨帅帅(2)、李汉超(1),,已关闭(13)、未处理(1),社交系统(14),移动端Hud【扬声器】和【麦克风】入口非常难以选中，点几十次也不一定能打开功能面板；移动端麦克风图标语音输入动效卡顿不丝滑，正常说话音量动效颜色会填满整个图标且脉动播放疑似有延迟；二级面板与入口未对齐，目前的样子非顶对齐、非居中对齐也非底对齐，且对小地图有大面积遮挡看上去感觉很乱
39,32-社群系统,社群系统,30,拼接(23)、客户端(10)、GUI(5)、策划(4)、动效(1),傅柄乔(20)、吴鑫(2)、刘玮(2)、谭兆飞(1)、徐泽亮(1),,已关闭(23)、未处理(5)、修复完成(1),社交系统(29),灯牌图标与等级间距较大；灯牌编辑中文本显示效果不对，颜色会暗看不清；社群灯牌弹窗_成长体系分页中 我当前的灯牌文本与灯牌组件未居中对齐
40,33-局内外好友系统,局内外好友系统,27,拼接(21)、客户端(9)、策划(1)、GUI(1),杨帅帅(19)、胡亚(4)、谭兆飞(1)、庄博士(1),,未处理(16)、已关闭(11),社交系统(27),友好度弹框内容与效果图差别较大，字色不统一，两段文本间距太小；tip文本配置的格式不太对；好友系统各三级弹框缺少标题
41,34-公告系统,公告系统,13,拼接(12)、客户端(7)、策划(1)、GUI(1),陈建婵(6)、刘剑帆(3)、陈建婵 刘剑帆(1)、李河斌(1)、刘珺霖(1),,未处理(7)、已关闭(6),工具(3),登录界面点击公告按钮调出的公告弹窗标题缺失；登录界面点击公告按钮调出的公告弹窗关闭提示缺少快捷键，不符合规范，需要拼接联合客户端旧改更新；PC更新公告界面与GUI效果图差距很大
42,35-安全下线,安全下线,6,拼接(5)、客户端(1),蔡婷艳(5),,未处理(6),,通用提示文本位置偏下；提示文本底板透明度不对；摆放帐篷读条提示缺少icon
43,6-声纹系统,声纹系统,6,客户端(5)、拼接(1),范长鸿(5)、蔡婷艳(1),,未处理(6),通用系统(6),罗盘胖声纹箭头与声纹重叠；中控台界面声纹位置需与其他全屏界面显示不一致，往上挪动；中控台-商品banner图-臻品流通的声纹位置与其他全屏界面显示不一致，需往上挪动显示
44,30-提示系统,提示系统,14,拼接(9)、GUI(2)、动效(1)、客户端(1)、策划(1),蔡婷艳(3)、蒲诗雨(2)、谢爱萍(2)、陈健婵(1)、向天宇(1),,未处理(13),,春节红包位置不对；没有i图标；弹药的轨道显示
45,36-PC端HUD,pc端hud,34,拼接(25)、GUI(14)、客户端(5)、策划(4),蔡婷艳(10)、冯健恒 蔡婷艳(9)、黄志伟(3)、蔡婷艳 冯健恒(3)、李河斌(2),,已关闭(22)、未处理(12),角色3C(18)、PC专项(3),举报建筑页面esc和logo重叠；pc端hud字号规范统一；pc端hud未显示聊天icon和键位
46,37-交互列表,交互列表,18,拼接(7)、客户端(6)、策划(3)、UX(2)、GUI(1),蔡婷艳(6)、郭勇(3)、黄志伟(2)、蔡婷艳 冯健恒(2)、向天宇(1),,未处理(15)、已关闭(3),,pc端需有置灰态；pc端与发动机交互F后二级交互选项只有一个，可直接在一级交互列表显示；pc端组合键位在交互列表会被裁掉
47,38-手游HUD,手游hud,32,拼接(25)、客户端(4)、策划(2)、UX(1)、GUI(1),蔡婷艳(20)、陈健婵(1)、周佳良(1)、刘剑帆(1)、赵杰(1),,未处理(30),通用系统(14),手游背包、容器、快捷栏的 物品编辑的中缝问题；点击扬声器范围会触碰到方向键；直升机时，点击左侧操作，会响应方向键
48,39-举报-1,举报-1,12,拼接(9)、客户端(8)、GUI(1),陈建婵(7)、范长鸿(4)、申浩(2)、蔡婷艳(1)、刘剑帆(1),,已关闭(11),SDK(12),20251209编辑器PC端局内Esc菜单顶部举报入口常态图标太亮，整个入口的图标和文字缺乏悬浮态表现，界面表现与GUI设计效果不符；20251209局内举报入口问题①编辑器移动端入口图标太亮②举报菜单浮窗与举报入口按钮间距太大需要缩小③ 举报菜单面底板透明度有些过高了，上下层信息相互干扰；PC端举报选项面板右侧超出屏幕
49,40-组队,组队,217,拼接(100)、客户端(58)、策划(9)、服务器(5)、动效(4),杨帅帅(59)、李秋(25)、余子文(23)、黄建敏(20)、刘剑帆(12),,已关闭(108)、未处理(77)、待修复(2)、修复完成(2),社交系统(122),我的擅长内容应该全部展示，跟随整体内容进行滑动，而不是单独滑动；自荐宣言，右上角括号显示不全，需要调整显示区域或位置；自荐宣言，标签向左拖动，会自动复原，导致无法点击后面的标签
50,41-快捷栏,快捷栏,4,拼接(4)、GUI(2)、UX(1)、客户端(1),冯健恒 蔡婷艳(2)、蔡婷艳(1),,未处理(4),,展开快捷栏时，快捷栏上方也提示和可丢弃；快捷栏的物品道具框数量字色显示不清；武器快捷栏拖拽提示信息不应该显示展开武器栏列表底板
51,pc端特殊容器,pc端特殊容器,31,客户端(23)、拼接(4)、策划(3)、GUI(1)、动效(1),郑剑渊(19)、王丰(3)、蔡婷艳(3)、彭歆妍(1)、李汉超(1),,未处理(30)、已关闭(1),,背包中可研究物与不可研究物在视觉上区分过小；研究台蓝图物品的进度动效没显示；研究台选择物品到研究产出的蓝图的动效出场和消失过渡生硬
52,pc端储物容器,pc端储物容器,18,客户端(18)、拼接(1),黄兴鹏(15)、蔡婷艳(1)、郭勇(1)、赵永双(1),,未处理(18),,保险柜未激活状态长按F激活，未生效；长按E激活保险柜时，会触发短按E切换顶部页签；单机左侧物品提示“双击转移”、双击左侧存入物品至右侧，功能缺失（似乎所有储物容器都坏了？）
53,41-PC悬浮态,pc悬浮态,3,客户端(1),,,未处理(3),,白框层级错误，应该在最顶层。fgui里显示是正确的；按钮文字不居中；按钮文字不居中
54,42-控件,控件,3,,,,未处理(3),,获得外观按钮重叠；按钮文字不居中；控件应和上面ui居中对齐
55,42-拍照系统（相机）,拍照系统(相机),13,客户端(11)、拼接(2)、GUI(2)、UX(1),黄伟平(10)、石凤姣(1)、冯健恒(1)、汪金明(1),张三(1),未处理(12)、已关闭(1),大厅(1),快捷键提示表现不统一通用底栏快捷键和字看不清；选中页签选中态红色底丢失；角色没有脸
56,43-中控台,中控台,28,拼接(21)、客户端(7),陈建婵(21)、庄博士(4)、李郑(3),,已关闭(26)、未处理(2),通用系统(27),当底部按钮减少时，需自适应显示；右下角按钮间间隔不一致；pc端banner图区域，翻页的定位点，会同时出现2.3个选中状态
57,43-通用组件,通用组件,51,拼接(48)、客户端(3),陈建婵(43)、蔡婷艳(1)、李秋(1)、吴鑫(1),李萨(41),已关闭(42)、未处理(6)、修复完成(2),通用系统(42)、社交系统(1),经过有一个白块；改名弹窗pc适配问题需调整；bedname弹窗pc适配问题需调整
58,43-恭喜获得,恭喜获得,2,拼接(2),,http:(2)、soc-redmine.wd.com(2)、issues(2)、95146(1)、102191(1),已关闭(1),丁周杰(1),1：背景透明度这里要用90% / 2：底板装饰看起来是消失了 / 3：图标上下不居中；数量很多的时候，右侧花纹会有bug（2.pc这排字不居中
59,手势喷漆,手势喷漆,16,拼接(13)、客户端(5)、GUI(3)、策划(1),蔡婷艳(7)、郭勇(3)、李秋(2),李萨(1),已关闭(1)、待修复(1),SDK(1),动作只播放了一次，常看不清，在选中同一个动作选项情况下无法再次预览 / 应该支持点击当前选中项再次播放动作；箭头图标显示位置不对；手势页一、三人称场景角色显示都异常
60,44-全局界面,全局界面,0,,,,,,
61,46-公告,公告,0,,,,,,
62,47-新手,新手,0,,,,,,
63,48-仓库,仓库,0,,,,,,
64,49-生存手册,生存手册,19,策划(7)、拼接(5)、GUI(4)、客户端(1),贾禹成(7)、蔡婷艳(4)、李宁(3)、汪金明(1)、蔡婷艳李宁(1),,已关闭(18),,点击热区太小了 应该是文字加快捷键（参考界面下面的空格关闭）；适配的时候，图片上下被压扁了，左右被拉伸了；少了一层底框，和正式效果对不上
65,51-大厅,大厅,17,拼接(14)、客户端(2)、动效(1),杨帅帅(10)、李汉超(2)、谢爱萍(2)、陈建婵(1),李艺(8)、李萨(7),未处理(8)、已关闭(5)、修复完成(3)、待修复(1),商业化系统(1),当没有组队的时候其他图标没有自适应 / 赛季banner上有一个奇怪小方块；多了一条线，且没有模糊 / 等级字色不对 / 聊天没有渐变；动效非常奇怪，需要重新做
66,50-好友,好友,0,,,,,,
67,52-个人信息,个人信息,17,拼接(16)、客户端(4)、GUI(2),谢爱萍(11)、范长鸿(3)、杨帅帅(2),,已关闭(13)、修复完成(2),通用系统(14)、商业化系统(1),主要次要文字标签关掉；列表和名称重叠；他人和名片都需要屏蔽操作的加号
68,53-新手服,新手服,27,客户端(16)、拼接(9)、策划(6)、GUI(1),谢爱萍(5)、杨皓屹(2)、谢爱萍 冯晨星(1),李艺(19),已关闭(15)、不用处理(8)、未处理(4),新手系统(1),任务路点不见，导致第一时间目标消失；图片中，斧子中间有个蓝色的2 / 加油站柱子上有蓝色数字3.1；点击求生指南后，再点击实力特训页签，实力特训页签应该盖在书本上，但现在似乎被隐藏到书本底下
69,54-赛季,赛季,106,拼接(72)、客户端(21)、策划(11)、动效(5)、GUI(1),杨帅帅(74)、郑剑渊(10)、龚浩添(8)、李汉超(5)、龚浩添 贾禹成(1),王京京(京)(5)、李艺(4),已关闭(63)、未处理(36),局内外循环(85)、【局内外循环】【赛季系统】(1),赛季主界面没有安全区适配；对局记录功能 缺失，无法点开应该屏蔽；个人数据功能 缺失，无法点开应该屏蔽
70,55-成长之路,成长之路,40,拼接(30)、客户端(7)、GUI(3)、策划(3)、动效(2),杨帅帅(19)、谢爱萍(7)、龚浩添(3)、李汉超(2)、庄博士(1),李艺(18),未处理(23),,TIPS离得太远；经过状态不对，和GUI确认；等级数字颜色不对， 只有当前等级是黄色， 已完成等级是白色，
71,56-行动列表,行动列表,18,拼接(10)、客户端(8)、动效(1),陈建婵(6)、李汉超(1),李艺(16)、李萨(1),已关闭(10)、未处理(7),,红色按钮用错；括号跑下面去了，是否文本范围拉大；tips位置不对，距离太远，接通用tips，调用通用规则
72,57-新手自评,新手自评,9,拼接(9)、客户端(2),杨帅帅(7),,已关闭(8)、待修复(1),,背景内容没有铺满；数字粗体错误（过粗）；气泡和文字没有居中对齐
73,58-局外势力任务,局外势力任务,65,拼接(59)、客户端(6)、动效(3)、策划(1),林斌(37)、李秋(19)、孙健(3)、李河斌(1)、刘敏 蔡婷艳(1),李艺(21),未处理(42)、已关闭(9),局内外循环(37)、@石璇(19),tab栏没有这种装饰性点点；字体应该为rust_regular加粗；装饰线缺失
74,59-局内任务,局内任务,13,拼接(8)、客户端(4)、GUI(2),蔡婷艳(4)、孙健(2)、林斌(2)、蔡婷艳 王京京(京)(1)、冯晨星(1),李艺(6),已关闭(9)、不用处理(1),局内外循环(9),有据点任务时，第二行任务条目只需要预留一行到一行半（已于拼接线下对齐）；刷卡任务完成后还能继续追踪；点开TIPS后，点空白处应该先关闭TIPS而不是整个侧弹关掉
75,60-情报柜,情报柜,37,拼接(27)、客户端(6)、动效(5)、策划(3)、GUI(3),谢爱萍(16)、李汉超(3)、谢爱萍 李汉超(2)、陈建婵(2)、向天宇(1),李艺(10),已关闭(33)、修复完成(1),局内玩法系统(17),运行起来后柜子有位移；1，加号色值问题 / 2，中间线不够长 / 3，文本歪了；经过的时候有白块
76,61-连线小游戏,连线小游戏,3,拼接(3),杨帅帅(2)、李汉超(1),李艺(3),已关闭(3),遗迹任务(3),黄色的倒计时没有对在格子上；格子不一样大；“]”太靠右了，没有适配文字
77,62-地图,地图,80,拼接(68)、客户端(9)、动效(2)、GUI(1),杨帅帅(66)、吴鑫(4)、待确定(3)、庄博士(2)、李汉超(2),,已关闭(67)、未处理(4),地图系统(73),"四周漏边；1,压黑 不够黑 / 2，滚动条丢失 / 3，底栏快捷键位置不对；左侧的页签快捷键位置不对，需要GUI补图"
78,63-运输玩法,运输玩法,8,策划(4)、客户端(3)、拼接(2),张鹤显(4)、金鹏远(1)、陈建婵(1),李艺(7)、张鹤显(1),未处理(8),,坐上火车后，蓝色的路点应该出现在火车站，不然目标丢失；d地图上出现奇怪的路点闪烁；火车停到路边，下车后 路点依然在最初的起点
79,64-悬浮标识,悬浮标识,3,策划(2)、拼接(1),吴承峰(1)、蔡婷艳(1)、黄志伟(1),李艺(3),未处理(3),,"手机的标识轨道不对,上抬一点；字体样式不对，太细了看不清；pc弹药的轨道显示"
80,65-战局结算,战局结算,5,普通-里程碑内解决(5),拼接(4),,,,这个字的描边不对，没这么粗，是和下一张的一样的；“详细数据”没有快捷键吗？；距离两边的间距不对（和两边上下是对齐的）
81,66-睡袋,睡袋,3,拼接(3),陈建婵(3),,修复完成(2)、已关闭(1),生存模块(3),字体大小，图标大小不对，睡袋数量位置不对；弹窗标题大小不对；左侧重生点位的文本位置不对
82,67-搜打建,搜打建,0,,,,,,
83,68-历史战局,历史战局,3,普通-里程碑内解决(3),拼接(2)、动效(1),,@李汉超(1),,动效从上面掉下来，样式不对；图标做叠色，现在太亮了；框住的地方颜色不对，多了条线
84,69-死亡流程,死亡流程,21,拼接(19)、客户端(1)、策划(1),林斌(18)、杨帅帅(1)、吴鑫(1)、吴承峰(1),李艺(8),已关闭(18)、修复完成(3),生存模块(21),黑底长度不太一样；1，中间橙色的四个直角 样式不对 / 2，图中“87”伤害数字歪了 / 3，底图加黑色纹理 / 4，未展开时，右侧的掉落icon横向滑动关掉 / 5，左上红色大字 字色不对；收起状态去掉
85,抄家,抄家,13,拼接(13),陈建婵(13),李萨(13),已关闭(12)、修复完成(1),抄家流程(13),“突袭成功”/分享按钮位置不对；数字字体需要取消加粗。直接用rust_CU数字字体；“遇袭时长”四个字之间间距太远
86,建造,建造,15,拼接(13)、客户端(2)、策划(1),李秋(6)、王斌(5)、蔡婷艳(2)、韶涵(1)、赵永双(1),王斌(11),未处理(12)、已关闭(3),,未选中模式字色不对；一级页签选中态字色不对，且没有描边；选中情况下，左右的竖线都该消失
87,抽奖,抽奖,35,拼接(27)、客户端(7)、策划(5)、动效(1),杨帅帅(14)、李郑(8)、蔡婷艳(7)、李敏(3)、陈建婵(3),王斌(26),已关闭(13)、待修复(10)、未处理(5)、修复完成(3),,不放回/重表现/活跃商店抽奖界面的info按钮和标签显示均重叠；不放回/重表现/活跃商店抽奖界面没显示奖池主题LOGO；【跳过抽奖动画】勾选项勾选框和文字没对齐
88,商城,商城,36,拼接(33)、GUI(3)、策划(3)、客户端(2)、动效(1),蔡婷艳(27)、谢爱萍(3)、何书越(3)、庄博士(1)、李汉超(1),王斌(10)、李宁(2),已关闭(31)、未处理(1),商业化系统(35),商城的商品卡片中的代币没有居中；购买按钮上的代币图标尺寸太小，图标具体按钮左侧的左边距不对；【购买】文字距离按钮右侧的右边距不对；商城【热卖推荐】（首页）、【捆绑直售】（捆绑包集合页）背景KV大图一圈缺少黑色遮罩，导致亮色背景下文字看不清
89,通行证,通行证,22,拼接(16)、GUI(2)、客户端(1)、策划(1),谢爱萍(12)、李秋(2)、钱程(1)、蒲诗雨(1),王斌(10),已关闭(14)、未处理(1),,通行证主界面底部的奖励列表数字序号不应该使用加粗字体；通行证主界面底部的奖励列表的右侧边缘衰减位置不正确。现在延伸到最右侧大奖励展示节点面板里面去了；点击通行证界面右上角的【详情】按钮，打开的说明弹窗底部没显示【ESC】关闭键位提示
90,收藏,收藏,32,拼接(23)、客户端(9)、策划(8)、场景美术(3)、GUI(2),谢爱萍(17)、汪金明(9)、李秋(4)、李敏(3)、杨林义(3),王斌(8),已关闭(23)、未处理(2)、待修复(2),,这里选中图标无法染色，需要新增一个控制器逻辑；收藏界面中的皮肤名称标题支持18个字符，后面两个按钮适配跟随；1. 【大厅持有】功能按钮展示状态不会刷新 / 2. 【大厅持有】按钮按钮只应该有亮/暗的状态，不应该显示选中外框
91,充值,充值,0,,,,,,
92,兴趣部落,兴趣部落,0,,,,,,
93,公会,公会,13,拼接(12)、客户端(2),李秋(6)、fbq(5)、杨帅帅(1)、杨皓屹(1),,已关闭(4),系统(1)、社交系统(1),pc弹窗按钮歪了；背景图被拉大了；列表间距需要和效果图一致
94,kol服,kol服,0,,,,,,
95,炫彩皮肤,炫彩皮肤,2,拼接(2)、客户端(1),蔡婷艳(2),王斌(2),已关闭(2),商业化系统(2),炫彩皮肤解锁多选一弹窗底部的按钮尺寸、位置均不一致；1. 炫彩皮肤解锁多选一弹窗中的卡片不应该显示价格 / 2. 炫彩皮肤解锁多选一弹窗中的卡片样式与设计不一致
96,特权,特权,0,,,,,,
97,使用道具,使用道具,0,,,,,,
98,载具hud,载具hud,0,,,,,,
99,新手关,新手关,0,,,,,,
100,举报,举报,0,,,,,,
101,主界面HUD,主界面hud,0,,,,,,
102,工具柜,工具柜,0,,,,,,
103,半屏类,半屏类,10,拼接(10)、客户端(1),林斌(7)、蔡婷艳(3),,已关闭(8)、未处理(2),载具系统(8),载具半屏底板透明度比效果图透；所有类型的半屏的载具模块的数字看不清的都需要改清楚，间距需要调近；马匹载具装备栏图标太透，没有文字
104,种植,种植,0,,,,,,
105,载具维修,载具维修,0,,,,,,
106,商店/售货机,商店/售货机,6,拼接(6),杨帅帅(6),李萨(6),未处理(6),,1：文字上下不居中，2：右侧图标和文字间距过近（pc/手游）；底板颜色不对（pc/手游）；需检查放大镜按钮的尺寸和颜色，（拼接可找gui-诗雨给色值） / （pc/手游）
107,喀秋莎,喀秋莎,4,拼接(4),杨帅帅(4),,已关闭(4),地图机制(4),左侧放大缩小滑动按钮太透；已装备/未装备字色都不对，具体问下gui(WJJ)；提示条底色不对，字色/图标色不对
108,PC 登录界面,pc登录界面,5,拼接(5),谢爱萍(4),,未处理(5),,字间距太近；选中态的字间距太近，缺少玩家名字和玩家等级；选择区服位置不对
109,领地攻防,领地攻防,12,拼接(11)、策划(1),林斌(11)、吴承峰(1),李萨(12),已关闭(11)、未处理(1),玩法模式(12),底部条位置不对。 / ui应该在pc安全区内；数字字体要用fgui里的数字粗体， / 不要加粗；装备选择界面文字与数字间距太近
